<img src="64b37bb3829b7c6202791fe39778b773.png"><br>Black to move.;Rfe8<br>Dispute the open file.
<img src="f862da3b438b53a81cc7a78a46776fdd.png"><br>White to move.;Rc4<br>Win the pawn.
<img src="d3a48a4e6c143b5da36e6e2bfc33fda3.png"><br>White to move.;Nd6+<br>Knight on an outpost. Stop opponent castling.
<img src="36ad26247443eb72a18ceb6e2582d91f.png"><br>White to move.;cxd4<br>Control the center. Threaten d5.
<img src="317480e5c772066c8d074428bed17e9d.png"><br>White to move.;d4<br>Kick the knight away.
<img src="b5611ff31e6b7da205a9a70315c3af9b.png"><br>Black to move.;Rb8<br>Rook on an open file.
<img src="ebd83cf7febfdffc44ad47c960d1021e.png"><br>White to move.;Kd4<br>Defend the pawn. Centralize the king.
<img src="5643e693b71dfb08ede4282846fa2f8b.png"><br>White to move.;Nb5<br>Defend the knight. Threaten a fork.
<img src="dd663ad4b4fbd8784e38f8fd5545d8ca.png"><br>White to move.;Rc1<br>Dispute the open file.
<img src="9e88f1608b6c38a9cf8ff6d2b1396562.png"><br>Black to move.;c3<br>Passed pawns must be pushed.
<img src="a643ab1621e800d3e0c299f47bf11daf.png"><br>White to move.;Rd1<br>Rook on an open file.
<img src="9d2115e6193c0a51be55ae0e19764ce1.png"><br>White to move.;Ne4<br>Centralize the knight.
<img src="f508a3f9a433943bf345bd9e268f632d.png"><br>White to move.;Bxd4<br>Dispute the long diagonal.
<img src="a733fdef594015c26211febfb811a331.png"><br>White to move.;Bxe3<br>Develop a piece. Preserve pawn structure.
<img src="bac662c042a05e19a5cbbef2569ee7b2.png"><br>White to move.;Kg7<br>Capture h7.
<img src="56d0e4f02905030b26a724faa7423425.png"><br>White to move.;d4<br>Dispute the center. Open lines for development.
<img src="09255b0c21f261a70b79ff6d0e06add4.png"><br>Black to move.;e5<br>Dispute the center. Open lines for development.
<img src="fbe29f0b22fab7996246af6d4ec742e9.png"><br>Black to move.;Rfe8<br>Rook on an open file.
<img src="e795f4843df9ebf370133dbe39b89b94.png"><br>White to move.;Bxf4<br>Develop with a gain in tempo.
<img src="bdbcce3b77b4a6fba372202a841e52f7.png"><br>Black to move.;Re3<br>Pressure on f3. Make the enemy queen passive.
<img src="3a234efb5038b027a7279d3e4ffb87a2.png"><br>White to move.;Nd5<br>Knight on an outpost with tempo.
<img src="edc400845309fcac193f54cfb01448c6.png"><br>White to move.;cxd4<br>Dispute the center with tempo.
<img src="6f993a04857a8f7c59f6d131ca53e617.png"><br>Black to move.;Ne5<br>Centralize the knight. Open lines for development.
<img src="009b0f5d984e71c68438eea7b9af90f1.png"><br>White to move.;Bb5<br>Develop a piece as actively as possible.
<img src="47d8e1aacf18d6990d5bba3f54ac0b29.png"><br>White to move.;Nd4<br>Centralize the knight. Knight on an outpost.
<img src="95468a0d138b514458d6ac95821cfa02.png"><br>White to move.;Re7<br>Win material.
<img src="cb4f79a911d46c46bf9a6e2bbcb5ca04.png"><br>White to move.;c6<br>Defend the pawn on d7. Passed pawns must be pushed.
<img src="fa39349dee226ae95aa455ebdfabdcf9.png"><br>Black to move.;Nd6<br>Centralize the knight. Improve knight's position. Control key squares.
<img src="8dc7942472e84a0e493622f4e8ea0def.png"><br>White to move.;0-0<br>Secure the king. Get developed.
<img src="172eb3c77d9a69c19367324bb691ef9d.png"><br>Black to move.;fxg6<br>Keep the h-file closed.
<img src="86ff706c655da309168c6b6d1bdb389b.png"><br>White to move.;Bxd4<br>Put the bishop on the long diagonal. Point the bishop at the king.
<img src="8a2036fb05827430f5fc94586393a40a.png"><br>White to move.;d4<br>Dispute the center. Open lines for development.
<img src="8796297bcc3a51c65cddb2483a677344.png"><br>Black to move.;Rfh8<br>Double on the open file.
<img src="1e06fe690daf9c4b56113f4db4dcd709.png"><br>White to move.;Bd3<br>Develop as actively as possible.
<img src="7148713f94ffb0325dc8e6bb25a65280.png"><br>White to move.;Ra7<br>Rook on the 7th rank.
<img src="6492c1f04c59ee037a7fe0532bf71d97.png"><br>White to move.;Nd6<br>Centralize the knight. Knight on an outpost with gain in tempo.
<img src="241b199acd13ee1decacfc875e943b60.png"><br>White to move.;Bf4<br>Develop as actively as possible.
<img src="02c39f774e15029a09c44b5886a96d73.png"><br>Black to move.;Rc8<br>Rook on an open file.
<img src="8bf0abd38a452143b5ba0572fbbce6bf.png"><br>Black to move.;Nd7<br>Get developed.
<img src="819a7e021e2ed5b7250191300cf27821.png"><br>White to move.;Bc2<br>Defend the pawn on d3. Preserve the bishop pair.
<img src="075679b048c511dd10ddd5ca67f67195.png"><br>Black to move.;Rd2<br>Rook on the 2nd rank.
<img src="d66de51e135f09c21e6584680a1cfc76.png"><br>Black to move.;Bxh3<br>Weaken opposing pawn structure.
<img src="0e16f4d07176e6822a1c0341f56c491f.png"><br>White to move.;Rd1<br>Rook on an open file.
<img src="13cf7543f87e7bb97bb7acf456889572.png"><br>Black to move.;Bxd5<br>Preserve the pawn structure.
<img src="ae6f799b186da78c1c767e14d2aa77fd.png"><br>White to move.;Nxc3<br>Preserve the pawn structure.
<img src="99c51e2ac77eb833997b24d01ad4a691.png"><br>White to move.;Rc1<br>Protect c3.
<img src="402246540358791127c6e826d9018db5.png"><br>Black to move.;Rg6<br>Pin a piece.
<img src="f95a0850b880a7678857618b2b8b5466.png"><br>Black to move.;e5<br>Dispute the center. Open lines for development.
<img src="0e0fcacb048cb4677a548e256f538fd8.png"><br>White to move.;Bc2<br>Preserve the bishop pair. Protect e4.
<img src="4a8d6d31373596d0d813d96836ebb016.png"><br>White to move.;d4<br>Dispute the center. Open lines for development.
<img src="64170906ee6720a5b9faf50b21193085.png"><br>White to move.;Nd4<br>Centralize the knight. Knight protected from enemy pawns.
<img src="2db7d89d4569151ab8e2f8f510bb5ff2.png"><br>Black to move.;hxg6<br>Repair pawn structure. Control key squares.
<img src="44b7dc33604bf3c23a7e56ab09d70aed.png"><br>White to move.;Rc1<br>Dispute the open file.
<img src="03fa0ac25f708a2cc39d82bb2c906619.png"><br>White to move.;Bd3<br>Develop with a gain in tempo.
<img src="40f71f2710b570b5a414bf1f4df5b572.png"><br>Black to move.;Bd5<br>Centralize the bishop. Avoid skewers. Create threats.
<img src="f79e4d0e38b9b6da98095eaae9b9e845.png"><br>White to move.;h6<br>Passed pawns must be pushed.
<img src="97dcca821bb12869701f3fa33abe32cb.png"><br>White to move.;Nd2<br>Improve inactive pieces (the knight is heading to f3).
<img src="ff53fd08e9e2b0c1621c12a4dd2a9d63.png"><br>White to move.;Bxf6<br>Weaken pawn structure protecting opponent's king.
<img src="b0ec3878a0845121daf7791473c4ca4f.png"><br>Black to move.;Nf6<br>Improve knight's position.
<img src="cccb9c805174ea4ec1129cbe3546e537.png"><br>White to move.;Ke3<br>Centralize the king.
<img src="f6d9fc06d11820ea2c0f075ce3a3846e.png"><br>White to move.;Rf4<br>Protect the promotion square.
<img src="81e317bf62f37704e73e8480405c8e68.png"><br>Black to move.;Be5<br>Centralize the bishop. Create entry point for the queen.
<img src="6ff8081ba3be428aaf8839768d89abbe.png"><br>White to move.;Kh5<br>Create a passed pawn.
<img src="310551bf8daf28877d52563cc341813e.png"><br>Black to move.;Be6<br>Pin a piece.
<img src="fcb1150bf9da93e07f4b4a7306aeb427.png"><br>White to move.;Nd4<br>Centralize the knight.
<img src="f9fbf1dac97179bc939d5f0bb6d868bb.png"><br>Black to move.;Nf5<br>Improve knight's position.
<img src="de4c1d68b1ef11c1f44c83982782d063.png"><br>Black to move.;Nd4<br>Knight on an outpost. Limit opponent's rook activity.
<img src="98e78b8bc98d6c75e877fbf18f179a54.png"><br>White to move.;Nd4<br>Centralize the knight. Create threats (against b5).
<img src="7ea8b218de25cf7d7ef2587c7aa33aba.png"><br>White to move.;Rac1<br>Rook on an open file.
<img src="ee75a1f4f84ed9b9c25c89d74c3530c1.png"><br>White to move.;h5<br>Open the h file for attack.
<img src="bd5b64e5e5a757b55fba9c797c529432.png"><br>Black to move.;Ng8<br>Protect the knight. Avoid pins.
<img src="236a4f2cd4757a4ce08a08bfb9b1bc3b.png"><br>White to move.;c6<br>Open up the opponent's king position.
<img src="bcfd39361cf0fe6f97ffb541e365e017.png"><br>White to move.;Rh1<br>H file attack.
<img src="b47a1466c00740c0f7ca02e4626bf842.png"><br>White to move.;Rc1<br>Double on the open file.
<img src="038f3fab2d7caa9c3c3514167b49b7fe.png"><br>White to move.;e5<br>Dispute the center. Restrict opponent's space.
<img src="4e1f225e4776a479ebdae15c39d2729b.png"><br>White to move.;Qf3<br>Triple up on the open file.
<img src="1367f4ba425fcebcab6f539baac6cfaa.png"><br>White to move.;Rh1<br>Double rooks on the open file.
<img src="35e1c741669a18047c44d74b6dc71d1c.png"><br>White to move.;Nc5<br>Discoordinate opponent's heavy pieces.
<img src="7c3ff7084258e999fc8becff3f2cd2db.png"><br>Black to move.;Rc1<br>Target weak points (h2)
<img src="b40c61d4f60b2c0fd414c5ed69d9a9d0.png"><br>Black to move.;Nc4<br>Improve knight's position. Pressure on opponent's queenside.
<img src="0a0f578a1408ae31b9407e590aa661a9.png"><br>Black to move.;Nc5<br>Improve knight's position. Pressure on opponent's center.
<img src="92b0ff9a660cddaa82ec893e01d28b74.png"><br>Black to move.;Bg4<br>Exchange for a more active opposing piece.
<img src="946a4a906d66a66140e8043d0105a533.png"><br>White to move.;Bb3<br>Pressure on the a2-g8 diagonal.
<img src="c51775d7d2e0d0c9ae71f8540da74bb0.png"><br>White to move.;Qxb7<br>Create threats (against the rook on a6, and threatening Rc8).
<img src="00031fe2c1334b66af9fd54d5c585f1d.png"><br>White to move.;Nd4<br>Centralize the knight. Block opponent's dark square bishop.
<img src="8fa5a86489e85b44c8006066652bfbaa.png"><br>Black to move.;Bd5<br>Centralize the bishop. Exert indirect pressure (on the b2 pawn).
<img src="48f8421d64950f97f24ec8568438cae1.png"><br>White to move.;Ne3<br>Defend the pawn on c4. Next centralize with Nd5.
<img src="6713cc707978f516d48c2e0900685963.png"><br>White to move.;0-0-0<br>Complete development. Prepare for kingside attack on the h-file. 
<img src="359ae5a35b472fbd40e0408fa3a27cc5.png"><br>Black to move.;Qc7<br>To support the c4 square. If f5 then ...Bc4.
<img src="ec938dd96cf5fd2dc3574780ece22380.png"><br>White to move.;Rd7<br>Rook on the 7th rank. Create threats (mate in two).
<img src="6196c64da856a9d8ebeb5fb7c7b66581.png"><br>White to move.;Rc1<br>Pile up on the pinned piece.
<img src="6d444d32b3df397efcbc0fade6c8f7b8.png"><br>White to move.;c3<br>Gain tempo. Support d4.
<img src="f56cd47a9ea1299c84d859ffe74f6111.png"><br>Black to move.;Qc5<br>Defend the rook on c8 and support the pawn on c3.
<img src="13c2d18bf054c45495363fef9cbeba0c.png"><br>White to move.;Rfd1<br>Pressure on d4.
<img src="c465485a24ebdec233146567b72b0314.png"><br>White to move.;Qd1<br>Double on the open file.
<img src="f4faf138878fca59cfc39391967a896c.png"><br>Black to move.;Rhd8<br>Double on the open file.
<img src="bd379d0c7f796c1961d98ee1df17ab69.png"><br>White to move.;Nf3<br>Improve knight's position. Create threats (against e5).
<img src="c688cfc176896a2d54360decbd78d363.png"><br>White to move.;d6<br>Passed pawns must be pushed. Open the diagonal for the bishop.
<img src="a0cfd51b3a968c6cb978a0c8796f4754.png"><br>Black to move.;Nc4<br>Knight to an outpost.
<img src="0a07b411d66fe4da75cd52fb5e6abf00.png"><br>Black to move.;Rfh6<br>Double on the open file. Create threats (against opponent's king).
<img src="9ce455d71f7bd7159bef8bce16e71c77.png"><br>White to move.;c4<br>Restrict opponent's king movement.
<img src="5c1b4625c42fbd905493574002cd091c.png"><br>White to move.;axb3<br>Open a file for the rook.
<img src="37f40ab2467a145b180480941003dcbc.png"><br>White to move.;Rf7<br>Rook on the 7th rank.
<img src="0c73aeb569b234c127bbb7b0fdc2ea97.png"><br>Black to move.;Nd5<br>Centralize the knight. Target weak points (f4 and e3).
<img src="4968653279d35a79df0e59eeb90a949b.png"><br>White to move.;cxd5<br>Open the center for attack. 
<img src="7c20b361c8a76547c9d510379a01f74f.png"><br>White to move.;Nd5<br>Centralize the knight. Dispute the long diagonal.
<img src="afd67b7f3a9fe40453240d234a0e90fa.png"><br>White to move.;Ne5<br>Centralize the knight. Knight on an outpost. Create threats (against the bishop on f7).
<img src="319501098d3cb0af755e2d2884e24783.png"><br>Black to move.;Rad8<br>Dispute the open file.
<img src="e7edfb507efd857decb6266ebf7fb1c7.png"><br>Black to move.;Bf5<br>Develop with a gain in tempo.
<img src="fcb37520ad7629da6660d07d3d001fd1.png"><br>Black to move.;Bf5<br>Develop with a gain in tempo.
<img src="75c87acbf210b7d74451e15df19cf8ae.png"><br>White to move.;dxc5<br>Create an isolated pawn (on d5). Prevent a locked center (with ...c4). Prevent opponent's space advantage (with ...c4).
<img src="3ef9e96307c66bac96d1a1cca807c546.png"><br>White to move.;Rd3<br>Double on the open file.
<img src="749af635fee1499cbcd5f74b03287e9c.png"><br>Black to move.;Bb5<br>Defend as actively as possible.
<img src="336c7495bf2cd06fee06ea643ead907c.png"><br>White to move.;Ba3<br>Develop with a gain in tempo. Pin a piece.
<img src="22d7e4e5a68c914f54e30b159e13e7d2.png"><br>White to move.;Bf3<br>Intending Rh7.
<img src="8fbe69ef79e80964c24e4803293e4acc.png"><br>Black to move.;Bxd4<br>Trade for a better piece. Win a pawn.
<img src="ffea1ba4034cf0e6330cb9850f6338b6.png"><br>Black to move.;c5<br>Dispute the center. Open the long diagonal for the bishop.
<img src="5d6969ef965cc4298a6d751754ed604d.png"><br>Black to move.;e3<br>Create a (protected) passed pawn.
<img src="27cd3acc77ca59fcd2c7c0e5a0cee3a3.png"><br>Black to move.;Re8<br>Rook on an open file.
<img src="e86ccde3fad3677abe5c53671b27a54f.png"><br>White to move.;Qe2<br>Defend weak points (e4). Complete development. Create threats (against the rook).
<img src="9517adea792413ba4728589119736b3c.png"><br>White to move.;g3<br>Protect the king (from check on h4).
<img src="e1c649637bc1e9752543c61b931fd193.png"><br>Black to move.;f5<br>Gain space where there is a pawn majority.
<img src="78d328a96a8c487ccc92f7d6593d46ce.png"><br>White to move.;Nf5<br>Create threats (fork after Nh6).
<img src="13a71af1d8cf4969b5d0f119786267c1.png"><br>White to move.;Qxc2<br>Double on the open file.
<img src="026ecb7d8bee228bc64ffe5aad60deae.png"><br>Black to move.;Na5<br>Trade for a more active piece.
<img src="62e087ebdf7849fb99884e1f7e724e12.png"><br>Black to move.;Bxh3<br>Weaken opposing pawn structure.
<img src="f935e891efe37f429695b0b55098993b.png"><br>White to move.;Rd2<br>Rook on an open file.
<img src="025aed0cdf3f4113db4c43881f87ef0f.png"><br>White to move.;Rg3<br>Intending Rf3.
<img src="8cff17db929229b2a9758aa123265850.png"><br>White to move.;Bxe4<br>Trade for a more active piece.
<img src="727a6d8e741506cbf46163d0f7144a45.png"><br>Black to move.;Qg5<br>Defend the pawn on f5. Create threats (against opponent's king).
<img src="c247d5a5ee44af5d2b2b4a32b4fdde8e.png"><br>White to move.;Nd5<br>Knight on an outpost.
<img src="1a1d27ded56e7aae3bf29688ff4d5fc0.png"><br>White to move.;Nf5<br>Improve knight's position.
<img src="a7914cc9b34e33b33676f87a0a706b7a.png"><br>Black to move.;Nf4<br>Improve knight's position. Pressure on opponent's king position.
<img src="d881daf2400cb5a493a7509232950541.png"><br>Black to move.;Rb2<br>Rook on the 2nd rank. Create threats (Bd2+).
<img src="b550db89f16824acfb35d15e5153d3a5.png"><br>Black to move.;d5<br>Open the diagonal for the bishop (on e7).
<img src="f44b03ba827984abade323d020bb56dc.png"><br>White to move.;c4<br>Passed pawns must be pushed.
<img src="5df46992c99ed4da40929f6d5438a832.png"><br>Black to move.;Rc8<br>Rook on an open file.
<img src="0f39a42b308f4cec94e4376e7f5cd41e.png"><br>White to move.;Re2<br>Rook on an open file.
<img src="ddd1fa43d4f59c879de4c1c202d1b607.png"><br>Black to move.;Re8<br>Rook opposite opponent's queen.
<img src="8814fd5f685dabd09dbfb0e0171f2fe7.png"><br>Black to move.;Rb8<br>Defend the bishop on b7. Exert indirect pressure (on b2).
<img src="36e22f21722778a1708041316c0f36dd.png"><br>Black to move.;Bg4<br>Clear a path for the rooks. Create threats (Rh1, Bf3)
<img src="cc0da18998d6aa274859f04a077c75da.png"><br>Black to move.;e4<br>Restrict opponent's movement. Open the diagonal for the bishop on f6. Create threats (against bishop on f3).
<img src="25def9dc03833badb961fbda1ce4692c.png"><br>White to move.;fxe6<br>Open a file for the rook.
<img src="55b42aaedc1468686bcf573ba208f83a.png"><br>Black to move.;c5<br>Dispute the center.
<img src="d192ff847aba16b9e7c77098c05283be.png"><br>Black to move.;Bg6<br>Preserve the bishop pair. Maintain pressure (on c2).
<img src="bce724b123871594ef0a55a286129c0e.png"><br>White to move.;Rfe1<br>Increase pressure on e5. Rook opposite opponent's king.
<img src="56274e3dc86077a7aae9b43370d962fb.png"><br>Black to move.;Ne5<br>Centralize the knight. Knight on an outpost.
<img src="660114185f78f72dca039d4f395560d5.png"><br>Black to move.;Be3+<br>Create entry point for the queen with a gain in tempo.
<img src="2197a6d68fdb853ea14f50078b38f9d5.png"><br>White to move.;Ke3<br>Centralize the king.
<img src="be674ecf5960bab667c35c2e52c42c1d.png"><br>White to move.;Rh8<br>Target weaknesses (Rd8 next).
<img src="f52d8ce34765b41ccd95c88fee976f99.png"><br>Black to move.;Nb6<br>Centralize the knight (Nd5 next).
<img src="7d3726b1ff8710932f923803f7d291f8.png"><br>Black to move.;a5<br>Secure the knight's position (by preventing b4).
<img src="89165149f91f03f36327eeab287c449a.png"><br>Black to move.;Bh6<br>Activate the bishop with a gain in tempo.
<img src="1ba0918dc209bc9626182011a91f7a8a.png"><br>White to move.;Ng5<br>Create threats (Ne6).
<img src="ab7f08b16914593bc9f3b1318b3fd580.png"><br>Black to move.;Qe3<br>Control key squares.
<img src="26037125f1cd2dd13d5a1484570909b9.png"><br>White to move.;Nf1<br>Improve the knight's position (heading for the kingside). Open diagonal for the bishop.
<img src="c99f0617b2dc7121192bf983eaa33d89.png"><br>White to move.;Qd3<br>Create threats (Qxh7+ or Rb1).
<img src="726cb9a6829288fa5eb3c2550005f540.png"><br>White to move.;c3<br>Control key squares (d4). Expand the bishop's range (c2).
<img src="ba11bb404b8c78c84d45c6770082f38f.png"><br>Black to move.;kg6<br>Control key squares (f5).
<img src="9a0e695fc8d509b77282a23620b4c93f.png"><br>White to move.;h5<br>Kick the knight away. H file attack.
<img src="a34dad7b019b1d77bf43b08eb5ffcf50.png"><br>Black to move.;Nhf2<br>Improve knight's position.
<img src="f2f4a41c6a013ba1a4ef709cecbb9b43.png"><br>White to move.;Qe4<br>Create threats (Qh7#). Provoke a weakness (g6). Secure the knight's position.
<img src="1462250525224e0afee2a9d820c01ee1.png"><br>White to move.;Nd4<br>Centralize the knight.
<img src="2c224be0e3daa5b1a6c0dc8fb803c5be.png"><br>Black to move.;Qc7<br>Secure control of the open file.
<img src="84aa6b78388fcfe330733018a6ee61a7.png"><br>White to move.;Ne5<br>Centralize the knight. Overprotect d4. Create threats (Ng4).
<img src="78e88e2667a62e374c2d1c501a8367ff.png"><br>Black to move.;Rh6<br>Rook on an open file.
<img src="8d381256aac9c1b872f0873f07d944ce.png"><br>White to move.;h3<br>Kick the bishop away. Break the pin.
<img src="8682149d5624b6ca9a14341a5bb6cd90.png"><br>White to move.;Rac1<br>Exert indirect pressure (on the c8 rook).
<img src="49840a22f3c2adb2e96c0416ea6223c0.png"><br>White to move.;Nh4<br>Create entry point for the queen.
<img src="13f4b5504113e27242c2897e4ae0c769.png"><br>White to move.;Rgf3<br>Double on the open file. Create threats (rook on the 7th).
<img src="22cd591fc83f99c0376eb3ac3ea8aa61.png"><br>Black to move.;f5<br>Gain space. Dispute the center.
<img src="b69fb3b52938d17fe0b04d0a7dcbfc17.png"><br>White to move.;Ne4<br>Centralize the knight. Control key squares (c5, f6, d6).
<img src="8ecf939bc1530f1faaddffd1bd20e6f6.png"><br>White to move.;e5<br>Restrict opponent's knight. Gain space.
<img src="fc56b5a4554be93b6e6844e613eac837.png"><br>Black to move.;Rb2<br>Rook on the 7th.
<img src="74fa7457850dcd62d8e750d1ee8af01c.png"><br>White to move.;Ba3<br>Activate the bishop. Exert indirect pressure (on the king).
<img src="f2e7accbddfe9871892cd042d0ed49fa.png"><br>Black to move.;Bc6<br>Bishop on the long diagonal.
<img src="dbf4e880c35995a9b52f8be5dd987e36.png"><br>White to move.;d6<br>Passed pawns must be pushed.
<img src="114979b8a90ee126baafd8ce773bac15.png"><br>White to move.;Re1<br>Rook on an open file. Create threats (rook on the 7th).
<img src="6c93a6e4c9c9bba0d7fe6b9fedb8c7db.png"><br>White to move.;e5<br>Gain space with a gain in tempo.
<img src="fa9b6958d39b29cd3f5502273538e1b5.png"><br>Black to move.;g6<br>Preserve the bishop pair (escape square if Ng4).
<img src="bde8841327e87cf61827864b70cd501f.png"><br>Black to move.;Qh4<br>Create threats (Ng3) with a gain in tempo.
<img src="0af1713cab956e757389af3f6828fc7d.png"><br>Black to move.;Qe5<br>Centralize the queen. Create threats (against b2).
<img src="a651e8d59e27a60ddfb26e0e5e9d1240.png"><br>White to move.;Bd7<br>Stop the passed pawn from advancing.
<img src="195afa06b69d7b0d1fb1691e57f2646e.png"><br>Black to move.;dxe4<br>Prevent the e5 advance.
<img src="0045cec710dc53ac2c8b1176b11f95e2.png"><br>White to move.;Nd3<br>Knight to an outpost (c5 or e5).
<img src="12c38167737a485d4eacc0972f45678e.png"><br>White to move.;Qd5<br>Centralize the queen. Create threats (against b7).
<img src="baedb7dea2c04c8fa1688821cbf2aa98.png"><br>White to move.;Qg3<br>Support e5. Queen opposite opponent's king.
<img src="7ab6afc16b7d83aaf4a6f7015176d7fd.png"><br>White to move.;Raf2<br>Increase pressure on a contested file.
<img src="4a049af3478af788858fe931230c68f9.png"><br>White to move.;Bc4<br>Pressure on the a2-g8 diagonal. Point bishop at opposing king. Clear a path for the rook.
<img src="477681fb904ac86fd6a3ebd8df4ef8b8.png"><br>Black to move.;Qg5<br>Add more pieces to the attack.
<img src="6b63e9589afe0c28504e4c334df6f8d8.png"><br>White to move.;Rh1<br>Preserve pawn structure (recapture with the rook instead).
<img src="ab25484cb2a2cb5cb7a0a7b0e7be7470.png"><br>White to move.;Rf3<br>Force the queen away.
<img src="0387fd15c1a7a5171e27255c11d629bd.png"><br>Black to move.;f5<br>Dispute the center. Create threats (f4).
<img src="fb8c8d1f9edb47774dc416894acc4d79.png"><br>White to move.;Bxf6<br>Weaken pawn structure protecting opponent's king.
<img src="86e5508e3c0e60ca6ca694efc1a8cc1e.png"><br>White to move.;Rcd2<br>Increase pressure on a backward pawn.
<img src="8ebfd2313a07ddf7e13bee4611c889a5.png"><br>White to move.;Ba2<br>Adding support to the g8 square.
<img src="642989cfda5b6a2338b5a1e0a29f6f23.png"><br>Black to move.;Rh5<br>Create threats (Rxg5). Double on the h file.
<img src="b91f773c3523ab87fe3fc6abfa881913.png"><br>Black to move.;g6<br>Keep the file in front of the king closed.
<img src="57df6ae38cb16823090e853e74838ad6.png"><br>White to move.;Bc5<br>Improve the bishop's position. Force the rook to a worse square.
<img src="dc65575694e8d6eabd1e28a14acdcdc6.png"><br>Black to move.;Bc6<br>Trade for a more active piece.
<img src="cf40c2e3edd5d19675d50d399b8c7411.png"><br>White to move.;Bh6<br>Develop a piece with tempo. Create threats (Bxf8). Take advantage of dark square weaknesses.
<img src="e606c51d3b0b1d6867107763b4b73e0c.png"><br>White to move.;e4<br>Dispute the center with a gain in tempo. Open a diagonal for the bishop (on c1).
<img src="c3681374a9b7665c9e8eba6397f13ab9.png"><br>Black to move.;Rd8<br>Rook on an open file. Pressure (on the bishop on d3).
<img src="a9ff3b5833befc7a2756cb1d3dea73be.png"><br>Black to move.;Nd5<br>Centralize the knight. Blockade the pawn.
<img src="c7d205342badfaea1c350fac9f8ad035.png"><br>White to move.;Rd1<br>Preserve the rook (back rank defender). Create threats (RxQ, or Bxc7 if the queen moves).
<img src="e9a0ee968cbc643b3b469506b75bdbb1.png"><br>White to move.;f4<br>Open lines for attack.
<img src="2741d8a0307dac279a8c70475c8ffd7d.png"><br>White to move.;c5<br>Increase space advantage (on the queenside).
<img src="7a63532897646ab75dd8bcfe519f8f8d.png"><br>White to move.;Rde1<br>Remove the pin. Rook on an open file.
<img src="7e2f1f7261bdf6dc9aa29ce924228a58.png"><br>Black to move.;f4<br>Increase space advantage (on the kingside). 
<img src="2a2aef356f4bdd2e5fba62b6e2272632.png"><br>White to move.;Nc5<br>Knight on an outpost. Block open file. Create threats (Nxb7).
<img src="e0bd33f6093e0ada52fe9b2c4b4549b8.png"><br>White to move.;Re1<br>Rook on an open file. Support e5.
<img src="5173907c3b9201c1c37e5db0626f00b2.png"><br>White to move.;c7<br>Passed pawns must be pushed.
<img src="5279554bf7ef8314d0c9cd7488ac42ac.png"><br>White to move.;g4<br>Kick the knight away.
<img src="27553de4c22c97bf1c8227fbe5f30780.png"><br>White to move.;Nxh5<br>Add more pieces to the attack.
<img src="ee2110167ce1569eb0273af07cb1ee4a.png"><br>White to move.;Qd2<br>Prepare to castle queenside. Prepare for a kingside attack.
<img src="56e58040660657259e568af98e650a6a.png"><br>White to move.;Nd4<br>Centalize the knight. Knight to an outpost (heading to e6).
<img src="793919af406fa215266f52e206967c30.png"><br>White to move.;hxg6<br>Open a file for the rook.
<img src="f36f1ea6f5d13032bff10368a2fa254e.png"><br>White to move.;a4<br>Preventing b5.
<img src="c04408506d4cab6150018cfa839af495.png"><br>White to move.;b4<br>Secure c5 (for Nc5).
<img src="9745abc605b7ab4498d3025f02cd7238.png"><br>White to move.;c7<br>Passed pawns must be pushed. Rook on the 7th (if Bxc7).
<img src="81972fc0f653e6f3569c2e4011ef0188.png"><br>White to move.;Rg4<br>Weaken opposing pawn structure.
<img src="0da57897a1004bbf71331131bb04da26.png"><br>White to move.;Nd3<br>Centralize the knight (Nc5 next).
<img src="faf9eeb195abc28d27da14d3286939f9.png"><br>Black to move.;Bg3<br>Clear a path for the rook and queen.
<img src="cd3520bf7581d9fdb9b23774fc86cfa5.png"><br>Black to move.;exd5<br>To prevent d6.
<img src="45b350ce2f94436173128fb54a3a7d03.png"><br>White to move.;Bg5<br>Add more pieces to the attack.
<img src="b7f3ccbda0c405380f16e5ed84aa884a.png"><br>Black to move.;Bf6<br>Kick the knight away or trade for a more active piece.
<img src="12b91be8df9a87f1a069a7c2778276f4.png"><br>White to move.;Rd1<br>Target weaknesses (Indirect pressure on d4).
<img src="69e6977894698230c8bf0df8b4e1cf09.png"><br>Black to move.;Rb8<br>Rook on an open file. Create threats (Rb1#).
<img src="5b8e1203c77043d0cc36ddbc5bd07428.png"><br>Black to move.;Ne8<br>Centralize the knight (Nd6 next).
<img src="3033866b8e865b7f971e531901fcae99.png"><br>Black to move.;Nh5<br>Defend the pawn. Create threats (Nf4).
<img src="2816faa8d31d8678bfe8d102af46a5aa.png"><br>White to move.;c3<br>Kick the knight away.
<img src="3cbc2ba98cfd1a48e84e2496e9e71232.png"><br>White to move.;d5<br>Prevent opponent's d5 advance.
<img src="9804d5fc8c8a050c713231af9d789fcc.png"><br>Black to move.;Bd2<br>Create theats (Re1#). Restrict opposing king (after Re1).
<img src="dea4c645059767475a9453473a8a94b7.png"><br>White to move.;Qe4<br>Weaken opposing pawn structure (after g6). Qd3 and Qc2 also work.
<img src="5c256e3babc1ed5097f1472e18ed49af.png"><br>White to move.;Be4<br>Preserve the bishop pair. Bishop on the b1-h7 diagonal.
<img src="798b5280e3483fc071dd216b9a407a82.png"><br>Black to move.;b6<br>Trap the bishop.
<img src="e310c076b7c1f39d485ec37964a997ed.png"><br>White to move.;Rg1<br>Rook on an open file. Restrict opposing king.
<img src="adebd78fce355f7eef469d589450d406.png"><br>White to move.;Qf5<br>Improve queen's position. Control key squares (for Rd7).
<img src="9aca4063136162d567b9514452ab54cd.png"><br>White to move.;a5<br>Prevent b5.
<img src="9f1ab9dd5f5a0d3d0f5293e7dde86de4.png"><br>Black to move.;Nb6<br>Control key squares (next Na4, hitting b2 and c3).
<img src="4ef6a24594224888a045a5727a45630a.png"><br>White to move.;Nf4<br>Improve knight's position. Control key squares (e6).
<img src="20ffe34610d2d73174692719652f3a0a.png"><br>White to move.;Rd4<br>Prepare for a kingside attack.
<img src="b556e4d1c4ea2190a377f45db13ddf9b.png"><br>Black to move.;Re6<br>Trade for a more active piece (if opponent accepts). Rook on an open file (if opponent declines).
<img src="9fde51620d14f7b79dbb730e90233b63.png"><br>White to move.;Ka1<br>Remove pin on b pawn (protecting the knight). King to a closed file.
<img src="afbe491e39d68a9346d7abf869016b13.png"><br>Black to move.;c6<br>Dispute the center. Open lines for attack (the c file).
